closure,floquet_trivial_error,floquet_max_nontrivial,drift_after_20_periods,verified,kind,point_id,model,nonideal,seconds,lambda1_windows,lambda1_long,lambda1_csv,relative_difference,min_amplitude
6.967764052655849e-11,1.717193054417976e-11,0.25577328709123726,1.080630753062706e-09,True,cycle,1941b444e9ab820a524a2186,wr,False,105.77760230749846,,,,,
4.833652013179747e-12,1.5543122344752192e-13,0.9938445704300686,1.941290096560949e-11,True,cycle,3fe8d07dfd8d2be40cb7bded,wr,False,43.80994073674083,,,,,
5.2681933767038215e-12,2.1832202712346316e-11,0.01710755605084833,1.943564822406262e-10,True,cycle,41838e83650b397db392e88c,wr,False,35.65487849712372,,,,,
4.277273052427564e-11,1.7817525232999287e-11,0.7967743224136323,1.6203135478829698e-09,True,cycle,f271b07875bf213c1885d610,wr,False,176.69398395717144,,,,,
4.248146490236449e-12,1.5587531265737198e-13,0.7891006479150773,1.3600328298180546e-11,True,cycle,cdff547fa83f01844a53b8d8,wr,False,42.70570431649685,,,,,
,,,,True,chaos,33b32685b7a354920209794c,wr,False,55.916673224419355,"[0.01208128270553473, 0.015379805468613571, 0.012135284767377193, 0.01501051845634206]",0.013651722849466889,0.014489037824590394,-0.0577895499522016,6.257414664777685
1.3273753234467716e-12,6.505462835093567e-12,0.4951785829257128,8.34183366362348e-12,True,cycle,54ac594de410d541f289058c,wr,False,28.126356966793537,,,,,
6.888887645728733e-11,2.3897039902465167e-10,0.6582633369068197,2.8526024370367104e-10,True,cycle,80b7555cb128ce10a21dd349,wr,False,94.59713853523135,,,,,
3.613417493933996e-10,8.076228574793731e-11,0.12992430298588212,9.191064142508442e-10,True,cycle,c4009a3e5e3b8fe300dd66a2,wr,False,85.10666804015636,,,,,
2.716584676055037e-12,6.571521105058764e-12,0.0566486617030632,4.317389540767654e-11,True,cycle,7329eebdbff6c68c6586a866,wr,False,31.792883809655905,,,,,
1.8305410836671647e-12,2.4713564528155985e-13,0.6881342212770398,5.997063155176324e-11,True,cycle,2e7d9d8863404a8671f21d90,wr,False,29.858653616160154,,,,,
4.414971863703614e-12,1.2919665337562947e-12,0.4276484649620995,5.850118283204493e-11,True,cycle,3fa8c1b1521eb61a79086dfe,wr,False,35.27884306386113,,,,,
8.01616134339083e-10,1.450549569348425e-09,0.6875606511588974,6.011160080315127e-09,True,cycle,ac08b08b8b4f8620c60dd9aa,wr,False,38.5226893350482,,,,,
,,,,True,chaos,4e130a6aacf45393cba58500,wr,False,45.88082128763199,"[0.021313134054585483, 0.027420905446755853, 0.024575311637215314, 0.02233136826355136]",0.023910179850527,0.024030535649482973,-0.005008452608444576,5.562487890273958
3.43250977817324e-11,9.302336678729262e-12,0.8544612876674326,2.1654050076526885e-10,True,cycle,542dffd972993414f9581814,wr,False,86.18278428912163,,,,,
6.918860694077837e-12,5.380140777333509e-13,0.5342014904389905,2.8035415797334117e-11,True,cycle,3556dce5b5cf8941435782f5,wr,False,41.73784926533699,,,,,
2.2968814471384488e-11,1.5501476768875477e-09,0.1329154841033327,9.52638916959315e-10,True,cycle,eee4b74ea6b219c2807793b8,wr,True,355.87828678637743,,,,,
1.3492232386190263e-11,4.407374465387193e-11,0.7319779109035239,5.479215515945834e-11,True,cycle,193e5a43c63afed95c14338c,wr,True,39.44477155804634,,,,,
,,,,True,chaos,279795bca73d6f80f8666ed5,wr,True,70.69590019062161,"[0.04012064939670275, 0.039246480004600084, 0.040181779347242506, 0.03859602832088458]",0.03953623426735748,0.04463275149988044,-0.11418783429779393,2.574954842722833
2.135709649391894e-12,5.541456182811544e-12,0.9107274514440118,7.082519656585409e-11,True,cycle,880d6ee8e83ed32216e4d468,wr,True,56.32528022304177,,,,,
3.9919794580223896e-12,1.602451504822966e-11,0.8680480241080397,9.092361021526051e-12,True,cycle,3aa0d0f08db83fed853d7d71,wr,True,65.73989079147577,,,,,
,,,,True,chaos,918e3f3d533fa7d92a11b953,wr,True,85.07205054536462,"[0.05143309546145681, 0.0345325356306565, 0.06246507183712839, 0.06217060903916314]",0.05265032799210121,0.05683462302228678,-0.07362228880351267,3.431435309268007
4.1847669808239566e-12,7.12918613032798e-12,0.6163095351503854,5.828223241527591e-11,True,cycle,458b573926428818cae7f2f7,wr,True,26.784292072057724,,,,,
2.499150553236665e-12,2.5794921754140887e-12,0.5584875226384006,2.8080508908618244e-11,True,cycle,09851cc59d964fca4f777c44,wr,True,26.47386796399951,,,,,
9.858888305721793e-13,3.049782648645305e-12,0.15302565460777118,2.677240170051834e-11,True,cycle,2a6e4e5fce848cab0551bce6,wr,True,27.292303379625082,,,,,
4.175705996371492e-12,3.132494263979879e-12,0.45678881132232,5.3793423015208486e-11,True,cycle,7189cabdfc168cb7cb868294,wr,True,37.52103728801012,,,,,
4.345810564078148e-11,1.298882668088197e-09,0.07529844541561935,2.176586875403777e-09,True,cycle,1cf8b6d2e1abdc0db344bb06,wr,True,118.9026013277471,,,,,
1.0306830385552018e-09,1.0322443566579409e-08,0.36660759970595613,7.192037145089826e-09,True,cycle,89aaefab9f77f51e58cd82f4,wr,True,40.695900682359934,,,,,
,,,,True,chaos,5b29c5e086e97efb1bc63c9e,wr,True,54.5391577295959,"[0.021751572077829063, 0.019021961964793655, 0.018086040963974925, 0.020734622077649756]",0.019898549271061848,0.02032103519942519,-0.020790571160237543,6.072464483391917
,,,,True,chaos,7ee4075a8e45ec5c5fad7644,wr,True,126.6527492813766,"[0.043292175437367866, 0.050402493617631924, 0.03531794791527133, 0.041559856551704286]",0.04264311838049385,0.046364887294842415,-0.08027128138328438,4.130048374070169
1.342928821324411e-12,8.111289417911394e-13,0.06302433689635015,4.0637862616945824e-12,True,cycle,c3e71f0cb4012b87a00741a3,wr,True,41.35528277233243,,,,,
,,,,True,chaos,f44547a1b04e961f06eb9483,wr,True,55.14127333089709,"[0.025085941796680094, 0.027436296026763732, 0.027458685198201754, 0.024003133323010763]",0.025996014086164088,0.02680478764517469,-0.030172727712550883,3.186199002467471
1.6950131103124218e-11,2.6540991626688992e-11,0.01311036738861282,4.871872398265543e-10,True,cycle,a684ae64763a02720f727cac,brusselator,False,53.9096100628376,,,,,
8.064169109279978e-10,2.8186222245096815e-09,0.00025489696004132867,6.66884553397543e-09,True,cycle,1a89825144be26df3aef5a15,brusselator,False,65.03053941205144,,,,,
1.0054033424789177e-09,4.435752654075031e-09,3.3146417775409276e-05,1.1031640493148008e-08,True,cycle,74bbaaa3c3c66ac39fa73e74,brusselator,False,68.09091927483678,,,,,
4.475397241622628e-12,2.3829604955949435e-11,4.871407526252369e-07,4.8110520347443256e-11,True,cycle,702a9dab1d040430e1f604fa,brusselator,False,73.32775544002652,,,,,
4.389266709350878e-11,1.7197387958134414e-10,2.2150369792584e-05,8.749375854730563e-10,True,cycle,ebcb80b9f2cfa10c7d49f370,brusselator,False,67.47328196838498,,,,,
6.72774502551223e-10,2.8986235633965407e-09,0.005298902174676101,9.173104008207124e-09,True,cycle,5b82f01351f5dde8a42a18c6,brusselator,False,55.38142880424857,,,,,
3.225679659493889e-12,2.2783996911357463e-11,3.055478758895447e-08,1.229058382595327e-10,True,cycle,8f1adfe3f635d6d48bcb3941,brusselator,False,72.841631680727,,,,,
1.8615947363921683e-10,1.1409193589884126e-09,3.6415315207705135e-14,2.522941428167856e-08,True,cycle,a98f714943b5a96346bfc02f,brusselator,False,87.27571423351765,,,,,
2.602946090810262e-12,9.113154675333135e-12,6.088226442990674e-06,3.887806908983704e-11,True,cycle,e7407e973fd18791fa1a326c,brusselator,False,68.76870400086045,,,,,
1.817853378758555e-08,6.294483456681377e-08,0.0003199014056087801,1.909789925224651e-07,True,cycle,3749b212810f5bdf60f52ad1,brusselator,False,63.531251315027475,,,,,
3.9820200393158275e-12,6.17061957086662e-13,9.291214878737186e-05,1.877061595768124e-10,True,cycle,cc61d04fb66d685862fdc564,brusselator,False,65.99885144457221,,,,,
5.603384215163906e-12,2.0344836926255994e-11,0.00018265181715793055,8.449277849651927e-11,True,cycle,c7e7b8a514c12bb8e1cea474,brusselator,False,64.43274103477597,,,,,
8.109458990838786e-10,3.740423526465975e-09,1.567338713970301e-05,1.1568540702227986e-08,True,cycle,2bd8a78b08d49ff3f9551787,brusselator,False,65.89679565280676,,,,,
1.6586368023965127e-10,2.3870572185558103e-10,0.007645406846060299,4.568069543598829e-09,True,cycle,2f22565b45ca885ae5a79dd6,brusselator,False,54.677356503903866,,,,,
4.872420377133019e-12,1.8494983322625558e-11,1.2516832015307955e-10,2.3283501197230665e-10,True,cycle,a20fe1f44347f38f80b50e96,brusselator,False,82.50770766288042,,,,,
2.7185265664232786e-12,7.349454378413611e-12,0.004018926311579518,5.732528416585847e-11,True,cycle,cec4843cd5b2ded999f24ebd,brusselator,False,58.126651145517826,,,,,
2.0157484774319587e-11,4.5037973350758875e-11,5.570465977644545e-05,9.34248342888791e-10,True,cycle,dee4233a164d995b1469712d,brusselator,False,65.21081820875406,,,,,
6.310343785021236e-10,2.460163961437445e-09,0.0001556071860082664,9.939610394685604e-09,True,cycle,de6ffea4f77e178564016606,brusselator,False,63.70224903896451,,,,,
8.040413610433168e-12,6.717915113085837e-11,4.8061998825232877e-11,7.833289540089508e-10,True,cycle,2a31998db4503e43cfa4d8df,brusselator,False,74.13738674670458,,,,,
1.9112257600645495e-11,3.4929392711546825e-11,5.699561055427793e-05,8.063746695247613e-10,True,cycle,ca5d85e533a79ab175de5eca,brusselator,False,65.39648891985416,,,,,
1.3516001992676785e-08,4.655848395707096e-08,0.0014293736996735529,1.7471088809136148e-07,True,cycle,aeeb79830d4541f37525d2a4,brusselator,False,58.69079529494047,,,,,
4.064837282681018e-12,1.4191314789968601e-11,0.0011258699113210202,7.595006645008053e-11,True,cycle,97de4c34a26e256dd9bbd092,brusselator,False,64.32409146800637,,,,,
2.0704325868680412e-11,3.567262041315189e-10,1.2434497875801753e-14,8.023244484311641e-10,True,cycle,bf9ca342f670d821f2d70e11,brusselator,False,79.1250572912395,,,,,
3.847527180131188e-12,1.5796031149761802e-11,4.216647290089526e-05,1.1992157584521682e-10,True,cycle,b5c14718821e79e30cbb5633,brusselator,False,65.49441199749708,,,,,
5.72923934408745e-09,2.6051016455141962e-08,2.317517733274599e-09,5.746247744453972e-07,True,cycle,dfb00c87602351fc1b653d19,brusselator,False,72.16726339235902,,,,,
2.6683599763115066e-10,9.82126713289233e-10,1.6915599474920384e-05,2.99687168223588e-09,True,cycle,b3c05ecdb49b2733adece23e,brusselator,False,67.18760339915752,,,,,
3.3854191806374503e-09,1.868347987432628e-08,3.1452791309227734e-06,6.441455980444976e-08,True,cycle,80642678fc211ac4b5aaae96,brusselator,False,67.48302423208952,,,,,
4.445191997844284e-12,1.0871525901734458e-11,0.032441331488024305,9.233008299029598e-11,True,cycle,43e29bbf48e4c7bb490c5b69,brusselator,False,40.8592180646956,,,,,
4.457244580806256e-12,2.6403768060845323e-11,5.309903285954931e-07,4.740508038150858e-11,True,cycle,11c087ef98b65a7c1f46da56,brusselator,False,69.12593896687031,,,,,
3.060277656056286e-12,2.2518875653076975e-11,4.181827967908447e-06,2.3747549755442174e-11,True,cycle,a41c158d11e786bc7460ce7f,brusselator,False,64.62121193483472,,,,,
7.857951982386653e-09,4.881645043752769e-08,5.352821732529378e-07,1.1294388566957315e-07,True,cycle,df5260157820c7e49df2b224,brusselator,False,67.94979301467538,,,,,
2.1784167302697368e-10,1.782083369761267e-10,0.00011533105899619311,4.0855250964626954e-09,True,cycle,82a98706e720f0fa0aec64ee,brusselator,True,66.67085925862193,,,,,
8.778129055725258e-13,3.2169822361538536e-12,0.00014687788983991368,6.142910687906671e-12,True,cycle,90f80dad2cecf394bd484dda,brusselator,True,63.18357992172241,,,,,
1.0470752678114625e-08,1.182792530585175e-09,0.17510293669626803,2.5899536832596015e-07,True,cycle,399d1597dbea37c6d604eb3a,brusselator,True,42.79326872527599,,,,,
1.5314112602359319e-12,1.7569279364693102e-12,0.02744202178540006,2.041306502376459e-11,True,cycle,31bfca43891d6160cf0c8ed0,brusselator,True,50.885827872902155,,,,,
2.4044658428126618e-12,2.8869129309327946e-12,0.09662641054430193,4.3009447553938887e-11,True,cycle,290c8847dc25e08ec7219fe4,brusselator,True,49.67290672659874,,,,,
2.1491681974490997e-09,4.571357736793402e-09,1.897747517798365e-06,4.6666534229991634e-08,True,cycle,81fa16163476a2561c5bf5b3,brusselator,True,61.38359298557043,,,,,
1.3040936143855512e-08,9.791847555007394e-09,0.010754483993674901,2.214115762231234e-07,True,cycle,dc7e689f4023cdde378b1d7b,brusselator,True,55.540125992149115,,,,,
4.882614508879076e-09,5.746661257965968e-09,0.165359631478981,8.218204845216275e-08,True,cycle,9ae25ccd6581a5f8288ff985,brusselator,True,46.51401713117957,,,,,
2.0841235165915195e-12,2.5337509867995323e-12,0.06781657625683446,2.0079881736670257e-11,True,cycle,125864845571c051ac606039,brusselator,True,44.85821193829179,,,,,
1.2361827615083204e-12,6.105116412413736e-13,0.12685566335995796,2.0199377384075873e-11,True,cycle,de5122e645133893cb7268d2,brusselator,True,46.80122211575508,,,,,
1.0934653828593618e-12,1.5434320488338926e-12,0.008779661532588467,2.99098117858759e-11,True,cycle,269ff771a7b246123e6f5546,brusselator,True,53.24764559045434,,,,,
5.550415043140678e-13,1.2385648062718246e-12,0.005100948196131827,1.6094323494195697e-11,True,cycle,ce34c561da65daba4d556f9b,brusselator,True,55.29165942966938,,,,,
2.492069697751048e-12,6.2587712790218575e-12,0.00015640943942440977,3.996549915686958e-11,True,cycle,aa97c18b458c25545316f07c,brusselator,True,65.2367348484695,,,,,
8.905999398034983e-10,3.6677971770870954e-10,0.029892085219467512,2.2734829948524527e-08,True,cycle,c0cca1ec7212394bdd3aaf66,brusselator,True,50.44559709727764,,,,,
3.5536362920443537e-09,4.879397996759849e-09,0.004275988434446543,9.746307654975046e-08,True,cycle,4296d180b2a07ca068f7d216,brusselator,True,54.60542398318648,,,,,
3.6223622575521835e-10,6.139652786174565e-09,0.8969986527689956,4.246672460177816e-09,True,cycle,8436a4522ef4d562c4d45021,brusselator,True,25.03432520851493,,,,,
7.751803602280341e-09,6.827768350703423e-10,0.027246789090822565,1.5106716038660528e-07,True,cycle,1591b9b930a1b889325e25f3,brusselator,True,50.47846154496074,,,,,
3.493398941226396e-11,9.521139432422387e-11,1.019737862595349e-05,1.5686865151036641e-09,True,cycle,8bec6a12f73ff5c6f932c9aa,brusselator,True,58.09126830846071,,,,,
3.909163842486825e-10,2.5482305154866935e-10,0.011701048450969698,6.558294546397917e-09,True,cycle,b3330113aaa7980d637a4263,brusselator,True,52.58057417348027,,,,,
1.414782863154522e-09,1.9600854272994184e-10,0.03395762591816173,2.481000110491266e-08,True,cycle,c5f1efa2469a4319480810c4,brusselator,True,54.11551561579108,,,,,
1.4107420132557723e-08,2.6062882074739946e-08,0.0748496990155823,2.2939704516332307e-07,True,cycle,c36b44509ba740dab97cc9ba,brusselator,True,49.70025848224759,,,,,
4.0026786686899115e-09,1.0980730769105662e-09,0.006481058196959433,1.1855201775870729e-07,True,cycle,5c8a9a4623aa90ab41d9638e,brusselator,True,56.27829414233565,,,,,
2.2347388353293655e-10,6.694422793884769e-11,0.02608016966286586,7.405848605337696e-09,True,cycle,3324b01c01acbf28196a90fd,brusselator,True,43.87878969684243,,,,,
5.40209319971352e-12,4.171685219489518e-11,5.512762690784712e-09,4.1984226185001073e-11,True,cycle,79607fe42ec78fe7ec374956,brusselator,True,74.77931403368711,,,,,
3.9179287802450567e-13,1.0436096431476471e-13,6.531195578227033e-11,7.228255165003113e-11,True,cycle,5bfaf3c4534809257cd7bbb9,oregonator,False,77.72159494459629,,,,,
3.126267507347075e-10,3.116930047397659e-10,3.002802965977772e-10,6.27714216757745e-09,True,cycle,4fcb46e1291041e426fdfe88,oregonator,False,67.92371099814773,,,,,
7.915836170838716e-12,7.762235298969244e-12,1.1134111467674302e-10,1.7966697660199506e-10,True,cycle,1fe03ca6f94290341ce5adab,oregonator,False,67.83380558341742,,,,,
2.617302050946164e-10,2.7516988687636967e-10,7.067064828633646e-15,5.2633204627644e-09,True,cycle,b0cf6456f3e69692ae8ce02f,oregonator,False,74.6638534963131,,,,,
5.315812376142523e-10,5.447622353216275e-10,1.5118720576370844e-13,1.0647828810438543e-08,True,cycle,69350e9144a23f78977c93b9,oregonator,False,74.30055422708392,,,,,
4.053055724570616e-09,4.777845674652781e-09,3.144736796003952e-15,8.106214491136474e-08,True,cycle,afdbe497b685c8410a51c1a5,oregonator,False,72.63582059368491,,,,,
5.979482361367203e-10,6.594789159208858e-10,1.1370674221962897e-14,1.1996067227676188e-08,True,cycle,e93462d72352610dcdcf57dd,oregonator,False,71.09196776151657,,,,,
2.2418763769676888e-09,2.418887201649511e-09,1.9011569061558353e-11,4.485559837866328e-08,True,cycle,fbb729cd965c93963685b60d,oregonator,False,73.5275009572506,,,,,
1.113011874224243e-08,1.2722109143936677e-08,7.425808369502089e-15,2.2362565235687952e-07,True,cycle,91b2d927df96b931dd42c71c,oregonator,False,79.17215993627906,,,,,
5.767671503862704e-11,5.3026028012936877e-11,1.448926751060913e-13,1.1504036806921766e-09,True,cycle,fc95964b19ba8a25a0a2cf6e,oregonator,False,74.6488127373159,,,,,
1.4383547600786465e-09,1.536461846640691e-09,5.1877661669204665e-06,2.9246122898190642e-08,True,cycle,eca0cc2b5bc47a08482b4975,oregonator,False,51.29639909416437,,,,,
1.9510775846151004e-08,2.0997589444959885e-08,0.00782242467934462,4.1942451324296e-07,True,cycle,a073cdf5b9426dcd621b7b1f,oregonator,False,43.399463441222906,,,,,
2.4794126504820555e-09,2.9294895398379595e-09,9.33403232805785e-15,4.9619512644763e-08,True,cycle,5fb0104162e66fa05b020dd5,oregonator,False,69.87050911411643,,,,,
2.8388888071232525e-09,1.259906845518799e-09,0.09377551432245902,4.3401544638447405e-08,True,cycle,494d42872ba05eec3aff326f,oregonator,False,38.10735508054495,,,,,
3.445083393587624e-13,2.4780177909633494e-13,5.627762265950102e-17,1.0976498119995038e-11,True,cycle,300221a333bf93d90725c039,oregonator,False,67.77599941939116,,,,,
2.593112194278729e-10,2.594540138289858e-10,2.703564595125042e-12,5.2042316617095845e-09,True,cycle,4011fac0743984f037d907a4,oregonator,False,67.44276694580913,,,,,
2.964748634794907e-12,1.7186252421197423e-13,0.00015366905794279097,6.861254253152957e-12,True,cycle,1fc1b6f6e6c91959b36ad95a,oregonator,False,48.10680406168103,,,,,
2.112094345748222e-13,2.7822188997106423e-13,1.305817961212241e-15,1.1185093504024249e-11,True,cycle,1e2d18de9680ad6d70339c29,oregonator,False,70.84585036337376,,,,,
3.6935760341932534e-09,4.163630551445863e-09,9.906722355276995e-14,7.41171553379584e-08,True,cycle,c24961453ce3bab8f460da28,oregonator,False,70.73352285847068,,,,,
1.0114690451251493e-09,1.0645464509906333e-09,1.9392654692041177e-13,2.0270287811232012e-08,True,cycle,2e8b02dbcd13c86ebe52022a,oregonator,False,66.85883826762438,,,,,
6.800649632052212e-11,7.716094430065823e-11,2.7696952270055216e-15,1.3429503135431234e-09,True,cycle,bc65badbb43a8edd60ec7aa5,oregonator,False,74.01525178179145,,,,,
4.4442175539231256e-09,5.389249935205953e-09,6.0357935517420995e-15,8.893052401876052e-08,True,cycle,d5b9599e7bb0493adea46584,oregonator,False,72.6553137935698,,,,,
1.0632875445752774e-08,1.4934138592437307e-08,3.7603243854920527e-17,2.129785495123069e-07,True,cycle,bf8da00d14c82cd2146579a5,oregonator,False,80.37724994495511,,,,,
5.336368014479467e-09,6.599278679075837e-09,1.064023577487897e-15,1.0673718332513069e-07,True,cycle,d5055d9e17cd1b53fe7ddc94,oregonator,False,72.23623944073915,,,,,
1.7269659897161017e-10,3.3725466863643305e-11,2.2467803368932837e-15,3.532006993236689e-09,True,cycle,f35a9659f0bcff82c382eb9a,oregonator,False,72.77072844281793,,,,,
1.690900954325278e-08,4.421090693540464e-08,0.3415113157044551,3.940986647430849e-08,True,cycle,fcfc2d0d331af640a80f7b45,oregonator,False,33.29305236786604,,,,,
1.0402878336350532e-09,9.636396125500823e-10,1.5488908327790714e-14,2.103218999148954e-08,True,cycle,cbee38de502e4b8c1902a46b,oregonator,False,66.17376666888595,,,,,
1.127443495875149e-10,1.2900192025711021e-10,1.2412200731232927e-13,2.2518000111038773e-09,True,cycle,0bdb5e724c463c5ac68ae787,oregonator,False,74.36069082096219,,,,,
6.46727906436581e-10,6.822107323500859e-10,5.861679975334829e-14,1.2952562815574054e-08,True,cycle,990e2b92fab60fe2788444ea,oregonator,False,72.05081375315785,,,,,
9.08101031396042e-09,1.0818758333641654e-08,3.907039535907107e-17,1.8620468669602443e-07,True,cycle,8f02523297e47929a109cc1f,oregonator,False,82.84764514490962,,,,,
6.833361789308417e-09,2.0796053101790335e-08,0.48856084165616914,1.5127329150308188e-07,True,cycle,bb2539fb68bdd7b71a7955ee,oregonator,False,35.85719342157245,,,,,
1.1170639933017788e-08,1.5335358982682123e-08,2.6077450674469855e-17,2.24203930240512e-07,True,cycle,33e72408b11fb9bf188eeb57,oregonator,False,76.09968325868249,,,,,
6.265324847382215e-09,7.121154776967842e-09,0.004241312029420012,1.3509796528223393e-07,True,cycle,1044adb3e550924d8b1fc70e,oregonator,False,42.90514784678817,,,,,
3.961094516018538e-13,2.3214763444912023e-13,2.1639880420886862e-17,1.2432315693608205e-10,True,cycle,4a5154a2acaf8142174b22da,oregonator,False,78.06237694993615,,,,,
3.4977249983276994e-09,3.50908813118167e-09,1.5324937657064823e-16,7.248529848247102e-08,True,cycle,a93ace672f20f809fe0dd483,oregonator,False,71.60858285054564,,,,,
2.3850733719739183e-13,5.517808432387028e-14,7.432836807172478e-16,5.081286862019912e-12,True,cycle,d7f1db2743f48faa9b4e840e,oregonator,False,81.56066992506385,,,,,
4.728693832458229e-09,5.54333423608e-09,5.960355747528674e-16,9.469215738099382e-08,True,cycle,5bbd74427a2f6364889340ea,oregonator,False,75.37385038658977,,,,,
3.6549630552077695e-10,3.5814506915698985e-10,6.662786978847124e-16,7.3731735888034735e-09,True,cycle,8f2467441b7aa49eb41d5dc6,oregonator,False,69.07295656204224,,,,,
3.947691744322399e-09,4.576924172994268e-09,2.0888412670624177e-15,7.904326492746567e-08,True,cycle,9899faf6e7d9ca72aebbc43f,oregonator,False,77.1938915066421,,,,,
3.645855256076451e-10,4.001439180001398e-10,7.67016842646596e-15,7.30346791952886e-09,True,cycle,050243ec9fa4a3cbee4c045f,oregonator,False,74.25363029167056,,,,,
8.186198064823635e-11,8.048317567954655e-11,8.780978115758504e-16,1.7038892772039268e-09,True,cycle,47b6a2f80ae5354b2d61b29b,oregonator,False,59.06499818339944,,,,,
4.5615435898298275e-09,5.072354980484306e-09,1.1797561998690899e-14,9.154482413206455e-08,True,cycle,a444db96ff65fda2d8b711c1,oregonator,False,75.20747165754437,,,,,
3.364823812035048e-09,8.344547275385139e-10,0.000827044878346045,6.701773212645887e-08,True,cycle,6a380f12f4fa5f64225f3bae,oregonator,False,43.36608821898699,,,,,
1.3218904511484495e-10,1.3701928480713832e-10,1.1447911361339475e-13,2.656051685359674e-09,True,cycle,0066eeccc01ce810742f7bc5,oregonator,False,70.1207480803132,,,,,
1.865709218471153e-08,2.890499994911977e-08,2.2717729891269647e-12,3.853626837366358e-07,True,cycle,eb3683fa6672fae632361579,oregonator,False,64.5431637763977,,,,,
4.596839751270922e-11,7.705147631043019e-11,2.497945452416916e-17,1.2049800500724262e-09,True,cycle,842ad9854ff43d35d1c75eb0,oregonator,False,80.98294353857636,,,,,
1.247045339229687e-09,1.3641192619928688e-09,1.0902916389162256e-14,2.505971923426344e-08,True,cycle,b2bbee874e049933216260a7,oregonator,False,70.78874785453081,,,,,
1.9478772024737785e-12,3.710365348297273e-13,6.132640523478433e-13,1.3395863840752562e-11,True,cycle,f1967c9532001e630ac6ef7d,oregonator,False,79.73473585769534,,,,,
8.211280158660845e-09,9.92192772386602e-09,8.023982059695672e-16,1.647002897063134e-07,True,cycle,aaf019970623b58febd282ce,oregonator,False,82.12248044461012,,,,,
3.1701037227019305e-09,7.039870020264516e-09,9.378890906065074e-14,7.018707697657891e-08,True,cycle,7db8d5d61c698b5d78601b6d,oregonator,False,65.08446115255356,,,,,
3.2891327423181083e-09,4.9815229719030185e-09,0.019778415928730534,6.575624090843187e-08,True,cycle,212807a969e7f69c031f6f36,oregonator,False,36.803244452923536,,,,,
2.3065069806330357e-12,1.007638417149792e-12,2.680073420685834e-16,1.719912756453409e-10,True,cycle,946f63203665d5ac52b192ae,oregonator,False,93.79059582576156,,,,,
1.2493183179582188e-11,2.2160051571518125e-12,2.3106966355888895e-08,3.8243329660653624e-11,True,cycle,87793600f40f22b7b1cdd130,oregonator,True,74.92704162746668,,,,,
1.5961732616725456e-10,1.619377965056401e-10,3.700535763120155e-09,5.389478231276454e-09,True,cycle,9ab3100e4730fd7b8881246d,oregonator,True,94.13669704645872,,,,,
4.071300024414479e-12,5.031530747601209e-13,5.7992974227243965e-08,7.47868934247903e-12,True,cycle,40aba3465c8f8b6bb31dd812,oregonator,True,65.1695243678987,,,,,
3.919458493813227e-12,4.525269048372138e-13,9.480719640097152e-08,3.1015693591284196e-12,True,cycle,d4d1d307d35480c2ff6692e3,oregonator,True,63.31709187477827,,,,,
1.3013499307532781e-11,3.4416913763379853e-13,0.0001562335761343192,1.671727179389312e-11,True,cycle,0765e80efb5ea06808763e5b,oregonator,True,47.67787029594183,,,,,
4.4117112205728444e-12,7.187583861423263e-13,2.700011289250363e-08,6.700677654430459e-11,True,cycle,650f4030a781b5c813b65f71,oregonator,True,80.83444340899587,,,,,
3.2117627709976226e-13,9.325873406851315e-15,0.1375141580647675,4.3256612928272704e-12,True,cycle,a60f7aa549bf2da44b85edab,oregonator,True,34.10152238979936,,,,,
1.6589279250416188e-11,4.9960036108132044e-14,0.08107978204420005,1.7130340361661836e-11,True,cycle,216481aa34bb38807260a10b,oregonator,True,30.446887839585543,,,,,
5.19501016981419e-12,2.728928194528635e-13,4.55949838260431e-06,1.891321280132925e-11,True,cycle,cb57f11db11328a0869c8f33,oregonator,True,61.646880101412535,,,,,
8.0237007649265e-12,8.191225475684405e-13,1.792557554281567e-06,7.626716013887737e-12,True,cycle,18971002b3a5bd22ce026ecf,oregonator,True,60.84456745907664,,,,,
3.770309872726626e-12,7.975842208907125e-13,4.5983923320167796e-10,1.8859074336279675e-11,True,cycle,f91fddc3df377c8367aa22c0,oregonator,True,71.45879053324461,,,,,
1.6432665036824292e-08,1.5813503395634143e-08,1.693421217151582e-07,3.7004395820209413e-07,True,cycle,64f6ca0b59d208fbc9cf6bc1,oregonator,True,59.485753044486046,,,,,
8.02648321398745e-12,2.7489122089718876e-13,1.93707961967707e-06,2.5722686847339937e-11,True,cycle,22e17fc5e5b54fe452b8f912,oregonator,True,59.49545010179281,,,,,
1.9695444445546443e-11,5.46229728115577e-14,0.0015304297438080874,2.0086187578855336e-11,True,cycle,58340b756114612ba4c4468b,oregonator,True,42.70813110470772,,,,,
3.634449815051044e-12,2.3869795029440866e-13,6.680598714165205e-07,5.932240638522968e-12,True,cycle,e3b245a52857ccfd2b7ecc42,oregonator,True,59.09853728860617,,,,,
9.122683449818365e-11,2.4025670342098238e-11,1.7449760989646444e-12,1.4545256380715772e-09,True,cycle,dadd393a132df88a09e31353,oregonator,True,60.5067795291543,,,,,
9.858515723570824e-13,8.315570454442422e-14,2.6379889521493327e-07,1.0605665459942258e-11,True,cycle,895d83ee5b4e5de8c9d4263c,oregonator,True,53.63001761212945,,,,,
1.5779316061284323e-08,1.8037523252800725e-08,0.014037205575830365,2.792350374397188e-07,True,cycle,20f303b04c8468f860f1c6f2,oregonator,True,41.06645302474499,,,,,
2.220497347786502e-12,6.046274592108603e-13,1.072921253980536e-12,2.975488622670577e-12,True,cycle,960356237938a984cd3e9094,oregonator,True,72.64694136753678,,,,,
2.969185659731939e-12,2.864375403532904e-13,9.812092793667757e-10,4.390087685796178e-12,True,cycle,f28bca2c9a76154456ad0f6f,oregonator,True,63.157210659235716,,,,,
5.184378046964936e-12,4.516387264175137e-13,2.721532697899094e-08,4.817581962702419e-12,True,cycle,11c07484dbf0b7ef9853096e,oregonator,True,67.19071085378528,,,,,
1.8612510171853988e-09,2.608458560260374e-09,0.0030432703623942303,3.795255829232429e-08,True,cycle,cead7e20bd00c647fe20fa27,oregonator,True,43.73602231219411,,,,,
1.5873490348326623e-08,1.9126993988649588e-08,1.3776664817190673e-08,3.2805446548699156e-07,True,cycle,2f1599da394b4ff196b94335,oregonator,True,66.86130705103278,,,,,
1.4447842662597423e-12,2.670419441130889e-12,0.5748208433644199,9.883004420053771e-11,True,cycle,88b3c6d54e47551d03d467ea,oregonator,True,26.95155953615904,,,,,
1.3930720618158865e-08,5.916763523572399e-09,4.943664503220831e-06,1.8134298225825275e-07,True,cycle,a1d86f9e89a045d900c413a2,oregonator,True,53.103945933282375,,,,,
6.159550208535931e-12,3.0686564400639327e-13,8.776504802196055e-08,9.163352445380075e-12,True,cycle,fd780efa8eb142159f587dee,oregonator,True,58.58396926522255,,,,,
3.8651017625163007e-13,6.306066779870889e-13,1.9023709756210985e-05,2.4336962038466102e-12,True,cycle,5b536f41052dafde9f3e91d8,oregonator,True,57.57757917419076,,,,,
8.58983415612081e-13,3.637090628672013e-13,3.5900757441849433e-07,2.4453086827757068e-11,True,cycle,7346e8b7652bb5242f0bb2a9,oregonator,True,52.60413469001651,,,,,
7.920653470913497e-10,7.118323708255048e-10,5.848639223611352e-13,1.6713003590211145e-08,True,cycle,adf511cc4fd3ea86d84c6c8b,oregonator,True,72.78207683935761,,,,,
4.1460961849484165e-12,6.230571614196379e-13,4.75699087309932e-08,4.3395472518673554e-12,True,cycle,19b66eaebecf3ff21eb98c9b,oregonator,True,69.90269197896123,,,,,
7.705896146023817e-12,3.446132268436486e-13,9.786648406629346e-08,7.267025616571054e-12,True,cycle,6262603b64650f5baa2fe3e1,oregonator,True,64.9180185161531,,,,,
2.169942428697304e-12,5.6710192097853e-13,3.7417280940087544e-08,1.741100475276585e-11,True,cycle,23fda2b80ce33206582239dc,oregonator,True,69.11311046034098,,,,,
1.0602063869259789e-11,6.0320637373934005e-12,5.7267084778543825e-06,1.336616772474701e-10,True,cycle,bd96083d1c94820557c17259,oregonator,True,51.983495865017176,,,,,
1.4497644765063746e-11,4.840572387365683e-13,0.00022016549681038903,2.0683842415162125e-11,True,cycle,7e7b6451ad76548a030512db,oregonator,True,53.96781229227781,,,,,
,,,,True,chaos,5cc8efc27f44a7e4587f76f5,cs14,False,143.9443003796041,"[0.08048264255460158, 0.07867634968566087, 0.07752374377234299, 0.0789106117636495]",0.07889833694406373,0.08183509807285137,-0.03588632747984581,2.0425316564858202
,,,,True,chaos,819925f75f270fb7acd805e1,cs14,False,158.0957482866943,"[0.11032465523884036, 0.10970509582724075, 0.11301355393665173, 0.11424225123406977]",0.11182138905920065,0.1159604991122125,-0.035694137958189695,2.5002164406166982
,,,,True,chaos,028f13204a7147c7b7ae2620,cs14,False,139.61700394377112,"[0.0841497028748606, 0.07851768939248664, 0.08312202901626875, 0.08160519303406835]",0.08184865357942109,0.08315104384353372,-0.015662945453377083,1.7315568728237039
,,,,True,chaos,9f20bc81f33fbb203e9d3bb4,cs14,False,137.43486113101244,"[0.07408899576545613, 0.07242978217273383, 0.0677302063789224, 0.0681765915748984]",0.0706063939730027,0.07315509320714324,-0.03483966901557681,2.997505610963012
,,,,True,chaos,af706349772532f3dfc6ea43,cs14,False,136.840767018497,"[0.06288973607412693, 0.06226579075718543, 0.07106649426246875, 0.061530314035297864]",0.06443808378226974,0.06791689924747783,-0.051221647391938026,1.7707859764455895
,,,,True,chaos,fadf68518e47f5fd2bcc714a,cs14,False,140.95810147374868,"[0.0677155527750756, 0.06847728232843128, 0.06416206393136935, 0.06573719481903202]",0.06652302346347706,0.06825644442006044,-0.025395711296000822,1.534575987898772
,,,,True,chaos,caa841eb4787fed3d5b8fb1b,cs14,False,134.30347579717636,"[0.08697272433538597, 0.07996813705904908, 0.07372809247571661, 0.08753151633569464]",0.08205011755146158,0.08391152262804379,-0.022182949591241424,1.9806286731231206
,,,,True,chaos,2d276cd62e1cca082dd95756,cs14,False,140.16313668340445,"[0.0686183591354926, 0.06953459305450968, 0.06897806164730864, 0.06659685350946029]",0.06843196683669281,0.06275619849844659,0.09044155755206736,1.6300879986958536
,,,,True,chaos,3b10e44f47d3b0556209e7b1,cs14,False,136.5719525553286,"[0.042435369113487505, 0.04126219082439185, 0.0427957363999172, 0.03969821117800584]",0.0415478768789506,0.04403757039273179,-0.05653566923828535,1.6436025458133363
,,,,True,chaos,3ca264ce053a905d4d250b9f,cs14,False,136.39058188721538,"[0.09691548343900067, 0.09445985384772317, 0.09814908939381538, 0.09909850458210355]",0.0971557328156607,0.09259804899220975,0.04922008479719038,2.6328119354150985
9.212897166143197e-11,9.555822799711677e-11,0.6606143030295014,2.4945993868755887e-09,True,cycle,df5af8342f0d03c6020ac730,cs14,False,49.05993588641286,,,,,
,,,,True,chaos,a43afc39e486bd0390806c92,cs14,False,125.04500862210989,"[0.09552954311544276, 0.08934656313319675, 0.0881074349077289, 0.09142053237233935]",0.09110101838217693,0.08643856894062074,0.053939456641850216,1.8406368243264322
,,,,True,chaos,34a8c2c625304bfac32ef54e,cs14,False,118.08957853913307,"[0.06191468269712989, 0.07391366718575383, 0.05071299118456894, 0.0621871919533495]",0.06218213325520054,0.05673285178839375,0.09605160493486058,2.4576476700308625
,,,,True,chaos,172413f5a7a2e25d806bcc6d,cs14,False,547.7379213348031,"[0.1883957666555558, 0.1876377387193579, 0.18329797005211315, 0.18779149594165095]",0.18678074284216944,0.18717798737369032,-0.002122282310514417,4.622467732429036
,,,,True,chaos,acf68fe7ad5c09fa633274dc,cs14,False,127.60922762751579,"[0.09002616232982867, 0.09141270179997667, 0.09194323603946218, 0.09465944986175422]",0.09201038750775543,0.0910413589498284,0.010643827916288602,1.9125860689026173
,,,,True,chaos,e099cfbc1e4e0f35ac39968e,cs14,False,143.44039590284228,"[0.06983837341514584, 0.06955187056359358, 0.06333114786389103, 0.067051608199198]",0.06744325001045712,0.0637556882916306,0.057838944533998474,1.5991723716958484
,,,,True,chaos,4fc36d44fe89b50d6b0b2d34,cs14,False,129.14972331374884,"[0.03137688972699129, 0.03433881616240104, 0.030972504143181402, 0.03428138385352085]",0.032742398471523645,0.034058846665483596,-0.038652165967031527,2.02316989098602
,,,,True,chaos,a06c63c5d1af4cbf14b7d595,cs14,False,141.12755747511983,"[0.0708685456699514, 0.06948908227057599, 0.07346851798168558, 0.06978726266611704]",0.0709033521470825,0.07023245869449511,0.009552469969842808,0.9798528846316412
6.886937200099196e-10,2.385707409402471e-09,0.38672485300161413,3.264761805914997e-08,True,cycle,bf6888c710181057b3157a92,cs14,False,95.7725512497127,,,,,
,,,,True,chaos,e228c659e64299246441fecf,cs14,False,141.98301420733333,"[0.09182955011735905, 0.08429891108459003, 0.08382102548186494, 0.0844457037256859]",0.08609879760237497,0.08604978506379607,0.0005695835096225698,2.077015593016683
,,,,True,chaos,2c70dedd6aae1f9d31c8b369,cs14,False,132.7140362560749,"[0.04888559649189615, 0.0497230640726528, 0.0496868965662835, 0.05118669809130521]",0.04987056380553442,0.04754663079297494,0.04887692300803021,1.5029007964326122
,,,,True,chaos,987e7c23a2a81d7c6037b74c,cs14,False,143.98181859776378,"[0.06182982872582321, 0.06310361987812813, 0.06098044969381257, 0.06339034732023377]",0.062326061404499415,0.06441008551239628,-0.03235555567607157,1.456929635109216
,,,,True,chaos,f34824a136a2172bd9b99fd2,cs14,False,136.7680166065693,"[0.060523631523097185, 0.06495059144400142, 0.0663906785929244, 0.06339435028431563]",0.06381481296108465,0.06369911080660282,0.0018163857080065555,1.4733300859335838
,,,,True,chaos,3b9e5ae4bebe265cad56d76b,cs14,False,127.45514750108123,"[0.05260086226752629, 0.04084523527933063, 0.04754493236524103, 0.044662417545533684]",0.04641336186440791,0.05196225760565637,-0.10678704115127663,1.334148076703878
,,,,True,chaos,a0c486bf844cbf86fbb0f23c,cs14,False,139.64111503213644,"[0.059378505400730225, 0.059952760340407134, 0.056328900819073956, 0.05910961895287916]",0.058692446378272624,0.05745326426502403,0.021568524070841637,1.520340417776962
,,,,True,chaos,bb652e40586e9d64071b54a9,cs14,False,162.6232359558344,"[0.049818740848488315, 0.0478600003182608, 0.05155191592674645, 0.04333305533702719]",0.04814092810763069,0.04743644510956327,0.01485109173843625,1.495724210604879
,,,,True,chaos,7e66762bd78b16dbabae1072,cs14,False,138.05060782656074,"[0.06453779142188004, 0.06561398461664908, 0.06726986518694801, 0.06419222453123624]",0.06540346643917834,0.07083269328709242,-0.07664860103383121,1.6837638842466136
,,,,True,chaos,4c900395201b4117b9d57790,cs14,False,134.30752762779593,"[0.07511140485589693, 0.0803473108310085, 0.07275021803284967, 0.08020956030455309]",0.07710462350607705,0.07496855946403254,0.0284927982785814,1.8682315251703652
,,,,True,chaos,2f732d05776041f3ca047e9a,cs14,False,137.51464017480612,"[0.09503948317979018, 0.09885548439587792, 0.0965768472510208, 0.09430535676454874]",0.0961942928978094,0.09174065797563528,0.048545923044904696,2.886951384888328
,,,,True,chaos,7785c738be54d0a133bbfb14,cs14,False,139.35151205584407,"[0.06252488670056594, 0.06635642785653476, 0.06319900057754001, 0.0646293421731456]",0.06417741432694657,0.0637255026053607,0.0070915364039491795,1.5507037190108055
,,,,True,chaos,a222a6443a34ccb5c4b7096c,cs14,False,119.10279088839889,"[0.02656636344543338, 0.02861809001092604, 0.029382043191226524, 0.025185771370255315]",0.027438067004460318,0.026076147881638423,0.05222853962187003,1.9419957763434061
,,,,True,chaos,822178f1c67a04d0a1ac2c9e,cs14,False,394.15312684699893,"[0.1826345699676947, 0.17496094178924473, 0.18555517412078765, 0.174364824684721]",0.17937887764061203,0.1685463548339199,0.06427028823830784,10.640288468573663
1.5568795430303394e-11,1.6947110381693165e-11,0.34907601453717335,1.4004509301113615e-10,True,cycle,c2b35dbdbce1b3e7cec733d4,cs14,False,78.55808767676353,,,,,
,,,,True,chaos,2de394d7bc44b401e18c6158,cs14,False,154.5314080901444,"[0.030326425746856404, 0.02703196540072047, 0.026794699246607986, 0.026919406578152776]",0.027768124243084412,0.028129804236139925,-0.012857536796891127,2.3807125631228345
,,,,True,chaos,69a2e197a0471bdb718740c4,cs14,False,120.6829534471035,"[0.06499607954892335, 0.06665504497207692, 0.06471043012809886, 0.06476706883057788]",0.06528215586991924,0.06453521117048273,0.011574219497993173,1.5005405563445495
,,,,True,chaos,ff009d6e93fb9fa2937faeeb,cs14,False,145.9981128051877,"[0.0699944347586421, 0.06547149351085413, 0.0681561844975618, 0.06685595157689551]",0.06761951608598839,0.06735582043713946,0.003914964544081592,1.8021722458747387
,,,,True,chaos,43edad67d771d4073aa636c5,cs14,False,135.80670838803053,"[0.04188907729609798, 0.04251753975758322, 0.035577617336260345, 0.042104298456000326]",0.04052213321148547,0.039117601951406435,0.03590535181128445,1.4673146771510264
,,,,True,chaos,01c6ee1a19ea23ca32f071f5,cs14,False,132.7664966210723,"[0.06345898689639036, 0.05931631133796642, 0.06846668976800628, 0.060826154208963826]",0.06301703555283172,0.06358682811501933,-0.008960858389679851,1.9101482464550146
,,,,True,chaos,9a357631581bada2aaa79d88,cs14,False,125.82587380334735,"[0.057992666291652804, 0.056448930775411056, 0.05916143818603347, 0.05883662757514478]",0.05810991570706053,0.05956454944294016,-0.024421132191608214,1.3911883610906743
,,,,True,chaos,a54a138d698af808db36c711,cs14,False,154.09807316958904,"[0.07211043181190079, 0.07481848130497486, 0.08932293052207198, 0.07892643889179878]",0.0787945706326866,0.0802880086829797,-0.01860100997385533,2.5474889477679854
2.3759600315804e-09,4.82814865865322e-09,0.8254068306074314,2.787718249138314e-09,True,cycle,7a07ee5a642ffec0857683ce,cs14,False,38.070738937705755,,,,,
,,,,True,chaos,51414ecd39c64bf31b510d97,cs14,False,141.1938993781805,"[0.05138910038251729, 0.05275211516253494, 0.04658458378984487, 0.04992077576905529]",0.0501616437759881,0.051713333978957755,-0.030005611388371167,1.4663889066610178
,,,,True,chaos,117434d78b84490aad1693ff,cs14,False,147.75571273639798,"[0.08870683153033182, 0.07845607038767508, 0.0862504126939256, 0.08134324293074571]",0.08368913938566955,0.08672623552333196,-0.03501934702152894,2.2444401781147865
,,,,True,chaos,2ce45e33573293d7702af715,cs14,False,154.14069914072752,"[0.013260487001195037, 0.016733709340558206, 0.016257925088378276, 0.018742809220380668]",0.016248732662628048,0.01809979754817337,-0.10226992211479902,2.4983560777686877
,,,,True,chaos,0cf732e64416cd3c9859d31a,cs14,False,131.26151207461953,"[0.08979098418146653, 0.08602599934748094, 0.0827757948173283, 0.08374643501404173]",0.08558480334007938,0.08919965146996257,-0.04052536159404691,1.906333508326688
,,,,True,chaos,9848c6c01312d02c0eccba0f,cs14,False,221.17164637893438,"[0.1045532190151358, 0.10170134938457416, 0.10438008883039626, 0.1030285368969458]",0.103415798531763,0.10346018908428663,-0.00042905926343770137,3.5898822527183154
7.654338568747619e-11,1.2205869648340695e-10,0.7268838760020164,2.6844611229525087e-10,True,cycle,9b9a2f9a7a1a96dbb9a69118,cs14,False,46.3462643250823,,,,,
,,,,True,chaos,4956b2f6de92a673090ef6fd,cs14,False,228.8154218122363,"[0.1055570944929561, 0.10677016792907243, 0.11559251425951432, 0.11222070851996722]",0.11003512130037753,0.11425387359850102,-0.03692436996008194,1.574648537698749
,,,,True,chaos,9f61f7cd4c57406a3a2220b4,cs14,False,132.53540501743555,"[0.03144255099884464, 0.03380558970313525, 0.02855959213124159, 0.033308139965655105]",0.03177896819971914,0.0346172250222847,-0.08198972681196846,1.4348735683326148
,,,,True,chaos,03a5b546be47c2fc256e1ebb,cs14,False,128.44500831142068,"[0.05881169758502699, 0.0658601784211435, 0.0645662048526413, 0.06944770886593454]",0.06467144743118658,0.0633866490490516,0.020269227059798382,3.3188031436266803
,,,,True,chaos,5d462dbff719991b6b086d65,cs14,False,130.83195630460978,"[0.0557784522731862, 0.058136496562865805, 0.05415484198568238, 0.05799956389618559]",0.05651733867948,0.056425750836525755,0.001623156831702418,1.5075469908568786
,,,,True,chaos,8cc58565f73bbd34e0119338,cs14,False,143.94216890260577,"[0.08555121460373781, 0.08535484231412455, 0.08125732835979142, 0.08197922966907703]",0.0835356537366827,0.08667360339300563,-0.03620421366462022,1.7514219428938365
,,,,True,chaos,1f75b21bb7137242979755d1,cs14,False,146.93147971108556,"[0.12725713239986025, 0.13231590170430288, 0.13393718911204433, 0.12506502653643026]",0.12964381243815942,0.12593137566758378,0.02947983972139891,2.1821512869970965
,,,,True,chaos,a76c3c041bc8d75280666a07,cs14,False,139.23929315060377,"[0.053611906122670645, 0.049240460826928394, 0.05452858984367307, 0.05576504987686011]",0.05328650166753306,0.05655833977960176,-0.05784890654178496,1.3640100039567846
,,,,True,chaos,5bb2e73fbd5a0bd79ef62caa,cs14,False,138.68459916114807,"[0.07162798409647803, 0.06872587409892299, 0.06520275330293643, 0.0664259657515911]",0.06799564431248215,0.07045727791163554,-0.03493796059281019,1.8459743374363609
,,,,True,chaos,38aaaf6cf5c6c08872db9a59,cs14,False,138.01566249504685,"[0.11614075102386946, 0.1114033792886409, 0.11357661624648752, 0.10636769193221694]",0.11187210962280371,0.11215789846530395,-0.0025480937714667867,2.8400126940947747
,,,,True,chaos,bbc0749b1da00470cd14cf92,cs14,False,159.46449665352702,"[0.09113135676451711, 0.08503449032524411, 0.08680029270273752, 0.08815326095867122]",0.0877798501877925,0.08649165540852867,0.014893861993729418,2.619793499133959
,,,,True,chaos,66bda4605f3394949cb71201,cs14,False,146.31794299930334,"[0.09363204425753141, 0.09140454296674758, 0.08747020269519533, 0.08583686966933582]",0.08958591489720252,0.09323491154463122,-0.03913766406784152,2.1766577325274716
,,,,True,chaos,26ec541cbc425b671066b315,cs14,False,133.87523402646184,"[0.042721518950304314, 0.041740698286235604, 0.04219159600066622, 0.04074624155020024]",0.041850013696851596,0.039416262505210825,0.061744849383399275,1.430849017480918
6.545278386118789e-13,1.3586909375362666e-12,0.5613333778580333,1.2820683602872554e-11,True,cycle,8f6df3eb468b674b68c8eab6,cs14,False,30.584733087569475,,,,,
,,,,True,chaos,f773e2b51d754b4eadc4ceb7,cs14,False,160.23106141760945,"[0.08089958118750988, 0.07578533273979374, 0.0793881191790174, 0.07850033574640482]",0.07864334221318145,0.0756162425964846,0.04003239929350287,1.698867693644718
,,,,True,chaos,4e0db10cc63b93ea3faac161,cs14,False,93.40093452110887,"[0.06316944031708119, 0.058965270858344465, 0.05383033509470833, 0.05404254986021122]",0.057501899032586304,0.0634266662892413,-0.09341129848503459,1.274423746705631
1.1567408202590059e-12,1.6824319715169622e-12,0.5265111820209298,1.168686412515511e-11,True,cycle,f08ffe1b1d182be2a9980315,cs14,False,66.29334318265319,,,,,
,,,,True,chaos,88bb54adbbfc283fb8816971,cs14,False,137.19728971272707,"[0.07379605998866529, 0.08134130862193997, 0.07407482712395416, 0.07784719472753314]",0.07676484761552314,0.0802681873275383,-0.04364543200308751,1.6945251362758609
1.3208624305082173e-11,2.009359345578332e-11,0.27131774278834786,1.3978268564076975e-10,True,cycle,200a7801c5727106f126e3d6,cs14,False,78.48955760151148,,,,,
,,,,True,chaos,dc5f46fd097314e9c43ef1f6,cs14,False,176.45792907848954,"[0.07086380503048596, 0.08039519717085328, 0.08627537517750787, 0.08675808200260861]",0.08107311484536393,0.08747075526420979,-0.07314033587021701,2.692805913725176
,,,,True,chaos,6e08b1a7de3f04db89f34b5d,cs14,False,128.83713002875447,"[0.08566587437266615, 0.08912505274467375, 0.087953368059502, 0.08613797501564521]",0.08722056754812177,0.09156144930604697,-0.04740949155813019,2.021785938495904
1.2315055078257084e-10,2.569415791242591e-10,0.6079626454210051,1.0198658046656231e-09,True,cycle,c6788bcc9c35b0e49e39e61c,cs14,False,40.42788152396679,,,,,
,,,,True,chaos,019477312ae4cd7c30e8aca9,cs14,False,136.01033590734005,"[0.05081733273428576, 0.04998215979443624, 0.050848873893782766, 0.0508125670538916]",0.050615233369099094,0.048331130800660066,0.047259448115537034,1.6066204920264167
,,,,True,chaos,81f03393d767f84d90b59b16,cs14,False,160.50421280786395,"[0.0721704410762842, 0.0756070464992258, 0.06662835585835514, 0.06271674975553543]",0.06928064829735014,0.06634078915284156,0.04431450367187359,4.812699002109864
,,,,True,chaos,90ad619b74b73912a9d38d8c,cs14,False,152.82452746480703,"[0.034566188457868026, 0.030019211646349315, 0.03072847572391167, 0.032486673909379836]",0.03195013743437721,0.03016482501518659,0.05918524036826994,1.5010635991267107
,,,,True,chaos,35994258c71c02ae075d8819,cs14,False,126.78653141856194,"[0.06835718657637477, 0.07337153930390543, 0.07104236741336763, 0.07138423480853377]",0.0710388320255454,0.07338240811535617,-0.031936483824933894,2.4924743490298518
,,,,True,chaos,7f59c15741b9a017e9e308b8,cs14,False,158.80353239178658,"[0.04198860605872091, 0.03888998199818474, 0.03919178015161332, 0.04019562960147529]",0.040066499452498565,0.039248317967496955,0.020846281506361038,2.3464819984922047
,,,,False,chaos,724ac0fbc2f2cff170f5c9de,cs14,False,176.21660312637687,"[0.05756011312021997, 0.06105713901888945, 0.05588853392067697, 0.04711025355108355]",0.05540400990271749,0.039269845079321984,0.410853793561084,3.6947950089254062
,,,,True,chaos,c7321d8710f3200146204dbd,cs14,False,138.67143247649074,"[0.06396400206249411, 0.05818405126507433, 0.060294639047175816, 0.05872912908685124]",0.06029295536539887,0.05857429584586104,0.02934153103710383,1.6032250792732297
,,,,True,chaos,25aabba86d60a0fa4230487c,cs14,False,141.3344807587564,"[0.06928207639064125, 0.0646146595059567, 0.0711428302543327, 0.07077175005152367]",0.06895282905061359,0.07248347155361783,-0.048709622032831745,1.64781034398365
,,,,False,chaos,243d710251c345e5d30e39d6,cs14,False,150.3737718835473,"[0.07691578254183087, 4.2937241333659415e-05, -0.00040295048003938304, -2.3275479179820558e-05]",0.01913312345598633,0.09927199837059035,-0.8072656562774042,3.3635307464182316
,,,,True,chaos,8645e59044f11cdcbd43d5ab,cs14,False,138.67290150001645,"[0.0895683433533944, 0.09451744121432179, 0.09113813086289115, 0.09157723017159643]",0.09170028640055093,0.08699307391145313,0.05411019840371539,2.181037804193879
1.4941137522802111e-09,3.888769195548036e-09,0.5877589961308732,7.841476040292343e-09,True,cycle,0076ce6fda6d9401e315125b,cs14,False,31.89620143547654,,,,,
,,,,True,chaos,64ef7bbae874fb52738e0479,cs14,False,136.26177686452866,"[0.06735366115353413, 0.06464762757729678, 0.06474601856797878, 0.06714354923195605]",0.06597271413269143,0.0683253152168232,-0.03443234878120994,1.628468692713663
6.554511463577419e-10,5.645206524462765e-10,0.5630560728466583,8.245097429089611e-09,True,cycle,0b71184ef5ffa4e02831e319,cs14,False,81.95629385113716,,,,,
,,,,True,chaos,9866c3238d5af18de48380e7,cs14,False,151.7068856805563,"[0.09435524515537422, 0.10133089769115766, 0.09313546016976322, 0.10131131915580661]",0.09753323054302543,0.1077618756643733,-0.09491895958831682,2.546561229583807
1.211993536858719e-08,1.3537307386179975e-08,0.5101897387595767,2.46772133405305e-07,True,cycle,cd5a5001d2876160502fb26e,cs14,False,34.62753837183118,,,,,
,,,,True,chaos,d5b1a27e4a59a88e2b94de84,cs14,False,152.8806584365666,"[0.05615329376272739, 0.050822067576459025, 0.050418934286964645, 0.05448162196604254]",0.0529689793980484,0.048980567733781455,0.0814284490523815,1.399146087490314
4.786978835716268e-09,2.5350876731167205e-08,0.9273680266470913,2.6470732413139205e-08,True,cycle,8d093a9c569232bd125d83cd,cs14,False,163.5906448699534,,,,,
,,,,True,chaos,5aa4fcf6c2058da0c776f267,cs14,False,156.85227295011282,"[0.08914687859467137, 0.09512703882996618, 0.09232817695838588, 0.08368129036828788]",0.09007084618782782,0.08916223991830192,0.010190482768921427,2.870531387828401
,,,,True,chaos,140c63232466c20a79654f16,cs14,False,139.21066833660007,"[0.06712421256939657, 0.06541884019065497, 0.06721113938854764, 0.06618483242667256]",0.06648475614381794,0.06947413948343972,-0.04302872064121578,1.4863779962948391
,,,,True,chaos,dcb48a2ceddc0746f184f495,cs14,False,99.28707269951701,"[0.07877954461803767, 0.08638291054584026, 0.08200753875983888, 0.08295839180968607]",0.08253209643335072,0.07852701643949592,0.051002574342559705,2.0669857434761756
,,,,True,chaos,457bbde2b43e2ee672b3e2fe,cs14,False,139.55410904064775,"[0.07542381379318897, 0.07502194435950904, 0.069608815051714, 0.0722996441404487]",0.07308855433621518,0.06998605262412551,0.04433028576068286,1.5435486691897333
,,,,True,chaos,3cd07c7c4fc92a5d7e922573,cs14,False,143.76697746291757,"[0.06834794059064221, 0.07093470080881249, 0.06788434236421256, 0.07057545188371138]",0.06943560891184467,0.06885582734757431,0.008420225079043785,1.3998268949600767
,,,,True,chaos,1b41c1192cbd8fb134288d19,cs14,False,149.52706778794527,"[0.0867464442332786, 0.08148532563694418, 0.08628725436812214, 0.08063993443978089]",0.08378973966953145,0.08225132525374043,0.0187038252702324,2.0394909944314903
,,,,True,chaos,4e84371cfac5faa8f8c519c6,cs14,False,162.9464662000537,"[0.07141564580793779, 0.058164301365371956, 0.06099436419246937, 0.06918058285977158]",0.06493872355638766,0.0752391827340073,-0.13690285836882093,2.791680163771939
,,,,True,chaos,8958c56be5f5ca2e318bbf31,cs14,False,134.91707078367472,"[0.013908000471120088, 0.012946026951475093, 0.012327490707183484, 0.012796281767625154]",0.012994449974350956,0.011271187132851237,0.152890979555921,1.5072469024770312
,,,,True,chaos,1b65ff2157a3ae3c99b5c592,cs14,False,136.68872613832355,"[0.028907423414800366, 0.027683171542171932, 0.035583212794164834, 0.029165675344508736]",0.03033487077391147,0.03193845866469968,-0.05020868125237969,1.606400037314896
,,,,True,chaos,ff3e408b2583a21f16e2f858,cs14,False,141.22553576156497,"[0.06714484654922266, 0.07339332864859417, 0.07484411850286464, 0.07254522211107378]",0.07198187895293881,0.0741536064334173,-0.029286876052731,1.6327648211676646
,,,,True,chaos,13230e0667ad3beccb167841,cs14,False,167.09007441997528,"[0.0911904587910139, 0.09375350080091815, 0.09637050070789807, 0.09281477026025169]",0.09353230764002045,0.09899073211861813,-0.05514076279440973,1.8206613177243554
,,,,True,chaos,5c5d711c6657d1127a781f65,cs14,False,127.68715729564428,"[0.08273191247867955, 0.096103003607647, 0.08905361981058611, 0.09361479540217461]",0.09037583282477181,0.09315146935625757,-0.029797023607543334,1.9604154046645859
8.809601476653969e-12,1.4897527655932663e-11,0.6129423146734844,1.6477554245166514e-10,True,cycle,323edc3045d0d81f20037ecf,cs14,False,49.01872843131423,,,,,
,,,,True,chaos,b3b7b9fa76bb9d8ed3272aea,cs14,False,138.23706847056746,"[0.07310435437514518, 0.06786817695429301, 0.07278692819837264, 0.06908155490774848]",0.07071025360888983,0.06874717447391022,0.02855505189852709,1.6087135599536655
,,,,True,chaos,df855915e8142188d184c882,cs14,False,137.15945395082235,"[0.10364255075245726, 0.09170440290003673, 0.10367345991209347, 0.10354647713302065]",0.10064172267440202,0.10944269966451843,-0.08041630019265418,2.7456868031725428
,,,,True,chaos,bdabc14e61531b80435a6d82,cs14,False,155.98390018194914,"[0.0882737167850945, 0.08619286893942828, 0.08773100347675508, 0.0863343134624712]",0.08713297566593728,0.08516340448476319,0.023126966249059175,1.5899566059547434
,,,,True,chaos,8d7dfa02a7037abd6656d527,cs14,False,200.11827172711492,"[0.112565692596808, 0.10958110883304856, 0.10902112757587493, 0.1092068916841513]",0.11009370517247069,0.11059475213872688,-0.0045304768677241775,4.9838233055997705
,,,,True,chaos,cf4165e7f0a7ee4ec25ff1f4,cs14,False,129.97114034369588,"[0.012191367798024494, 0.011216475634713292, 0.01233151302378473, 0.009688885475379464]",0.011357060482975495,0.011633817167368837,-0.023788983479094382,1.424550670283488
,,,,True,chaos,eb55a53641c04e66e2006d90,cs14,False,153.3273931965232,"[0.08970321095873798, 0.07750251016404142, 0.07862566662989434, 0.0861196850469207]",0.08298776819989861,0.08824017935133238,-0.05952403077651335,2.169823724308432
5.169617177789472e-13,3.3306690738754696e-13,0.28831374592152714,1.0659211608384303e-11,True,cycle,7ad2416d068cbe1372c67986,cs14,False,35.54365574195981,,,,,
1.6923569103571146e-09,4.885357229866827e-09,0.19132423804084087,6.30759422596072e-09,True,cycle,ac73989741ffc56f2b5a6f52,cs14,False,41.16065752878785,,,,,
4.840056443442873e-10,1.3943357579648819e-09,0.2530438951633286,2.40958214380408e-09,True,cycle,7a615866a54e5810ea215cd5,cs14,False,37.74170380085707,,,,,
,,,,True,chaos,1c0c929b344d8573c1ce9824,cs14,False,144.74095582962036,"[0.06616953960610582, 0.06373437929067984, 0.06265404180651668, 0.06349374507912545]",0.06401292644560694,0.06333259743161651,0.010742161881565236,1.868163654914748
,,,,True,chaos,2eac12f637e2210272766434,cs14,False,181.4104185961187,"[0.08443427086567655, 0.0864924132375869, 0.09103865155360996, 0.08923101700050433]",0.08779908816434444,0.0940453870930541,-0.06641791928113606,2.9512058376027945
,,,,True,chaos,79a17a72a499ed6f0f255a5f,cs14,False,151.69225050881505,"[0.10291573717406424, 0.10492630063496579, 0.10588279008193484, 0.11459849092237087]",0.10708082970333394,0.10609943650025104,0.009249749437458819,2.5175126038523925
,,,,True,chaos,32ce856d05954e625ae3e673,cs14,False,130.8644760325551,"[0.07559878227032307, 0.07463993037521144, 0.06608823918813002, 0.07459152285705856]",0.07272961867268077,0.08471639710108164,-0.14149301479498153,2.7851393917859024
,,,,True,chaos,001c96f83d2b919850d7dbf8,cs14,False,152.1602108106017,"[0.12871465194993592, 0.1252368620066684, 0.12918211714468658, 0.1391121670547512]",0.13056144953901053,0.11826967723600118,0.10393004014445506,2.6754120383269573
,,,,True,chaos,2309d75ec6bca67720a5f7cb,cs14,False,145.2623590864241,"[0.1023982538802246, 0.0948520622102549, 0.11275765992039115, 0.08612449436510826]",0.09903311759399473,0.0876029928461652,0.13047641840161042,2.9071824948749607
,,,,True,chaos,dbe43945ae6edf4281053c72,cs14,True,224.22380774840713,"[0.10357168817268675, 0.10048831881821157, 0.09749797549329142, 0.09032789610537564]",0.09797146964739134,0.10006298817837937,-0.020902019508547382,1.5361019460787035
,,,,True,chaos,d75e4a21188a3a47f2289d45,cs14,True,123.24609673395753,"[0.06670123797299415, 0.06102259137618637, 0.06353546214340827, 0.06455158995136322]",0.06395272036098801,0.06631508044978736,-0.035623271098767485,2.0490582681930705
,,,,True,chaos,8b5daf5c07ae0d5c279650fc,cs14,True,186.90212047100067,"[0.08621530319419271, 0.09047075630538418, 0.08604731831056807, 0.0862551422171093]",0.08724713000681356,0.08540740074533543,0.02154063050067247,1.1688268241473263
,,,,True,chaos,d689508e9ab822554d45e3c0,cs14,True,204.2937116585672,"[0.0506843114294063, 0.04299155194385656, 0.055112533768305424, 0.04710623730165853]",0.0489736586108067,0.058711721774794216,-0.16586233327206232,4.946600120615841
,,,,True,chaos,60e1febe959d8cba1beb057e,cs14,True,146.93348809704185,"[0.09529571411710262, 0.09708449302541101, 0.0886178903494605, 0.09337692394549257]",0.09359375535936668,0.09405865686541943,-0.0049426764270932245,1.0922890938839682
,,,,True,chaos,c774d44cc5aa13c19feafc98,cs14,True,138.38875345885754,"[0.08687005644695761, 0.057284309237058254, 0.07634861946289677, 0.07710885228178681]",0.07440295935717486,0.07759789254535081,-0.04117293760663304,1.9442299472914988
,,,,True,chaos,8c56b8a15c1a1dab43e9a308,cs14,True,162.76685699820518,"[0.07908116042849049, 0.07678129852481694, 0.07448764124283389, 0.0765441171752867]",0.07672355434285699,0.07739284615373473,-0.008647980325574891,1.1515755087216444
,,,,True,chaos,74dd9414d350258311e0f2ca,cs14,True,209.83606883510947,"[0.05574798098784445, 0.058077796616483546, 0.058516641811019295, 0.05392205648764314]",0.056566118975747606,0.059837315772989556,-0.05466817411483156,1.3173347096543602
,,,,True,chaos,0396168cf7759727d1f9137b,cs14,True,188.88842503726482,"[0.09996164371042394, 0.09615229418474837, 0.11227751887782281, 0.09676249572852193]",0.10128848812537926,0.10010038861660508,0.011869079882643798,1.3640086400445282
,,,,True,chaos,21a07d95942c2a74f05c229f,cs14,True,364.1660191640258,"[0.2153119342677307, 0.20713188607682068, 0.21190522220542904, 0.20762053101467745]",0.2104923933911645,0.20779581952937767,0.012977036149688185,2.459905143186968
,,,,True,chaos,c34806b736b4a4bc399a0ed5,cs14,True,179.55209949240088,"[0.13742979784081144, 0.1461390918936419, 0.14836797908374272, 0.1461930908212236]",0.14453248990985493,0.13998640963580353,0.03247515445162668,1.3557728636568036
,,,,True,chaos,d4bb6c5d0da5372ca2b3730b,cs14,True,159.5343774855137,"[0.02023533030126119, 0.024074284983829637, 0.021251775245879727, 0.019604587672067367]",0.021291494550759477,0.020836023403277584,0.02185979246933685,1.0689100718823008
,,,,True,chaos,fca6a78bdb62f53aee8ef5b6,cs14,True,139.80771646648645,"[0.11707588824164693, 0.13258647723370495, 0.11684892764186068, 0.12247538842868516]",0.12224667038647442,0.12242041542833067,-0.0014192489157003412,1.7306276316311175
5.91105479608128e-12,4.4999559634106845e-11,0.6783766928798164,1.0800092945547182e-10,True,cycle,4bb6e3380ff6807972577baf,cs14,True,163.89677065610886,,,,,
,,,,True,chaos,e339df2f5aa46f02b8513331,cs14,True,162.55960762500763,"[0.08995828120542591, 0.09910732453567596, 0.09731750619472748, 0.09855034078076973]",0.09623336317914977,0.08888139377268674,0.08271663049372985,1.679289167221938
,,,,True,chaos,60ec5bfcea91b95ff1e8dd4a,cs14,True,152.82711062580347,"[0.022277373110142495, 0.01739111071562643, 0.019381042148693763, 0.019315514040007666]",0.01959126000361759,0.019834099793397054,-0.012243549861552362,1.6758935825812904
,,,,True,chaos,a019f4ebfbb0ec42337c751f,cs14,True,168.95892862603068,"[0.11167263164055881, 0.10687114151896403, 0.10560357524385482, 0.10531720939042623]",0.10736613944845097,0.10245545356043802,0.047929960947526926,1.6994970578286568
,,,,True,chaos,661375d078886a717fc8d530,cs14,True,161.20802479982376,"[0.0757023123418666, 0.07981477656272994, 0.07972673447921824, 0.08237462866488496]",0.07940461301217494,0.07433534721717548,0.06819455326130748,0.9664313857682096
2.412375208158872e-10,4.6501447137359264e-10,0.45130936221706197,3.4835917210700203e-09,True,cycle,1f617cba2c368167ffe5f31d,cs14,True,76.68491232395172,,,,,
,,,,True,chaos,2d530c849b51e6d7ba9ff4de,cs14,True,144.70898739248514,"[0.046439569023855994, 0.04520459388259613, 0.04864379510323081, 0.047676675992160626]",0.04699115850046089,0.0474739508278235,-0.010169626056899618,1.4048262390343185
,,,,True,chaos,9710e45a3f7ee7440d42eb65,cs14,True,191.0633628629148,"[0.10877330733319886, 0.09694901052830865, 0.10199087449771639, 0.10508867435488581]",0.10320046667852742,0.10078528347769151,0.02396364942874321,2.756887301743231
,,,,True,chaos,3870edd7603bcdae80ed5b40,cs14,True,164.83253683522344,"[0.07719460354566564, 0.08374239695274291, 0.08269345823086008, 0.07842003376317293]",0.08051262312311039,0.07840928749985733,0.02682508272067751,1.4135028408923196
,,,,True,chaos,05ae4ef5c70c8e9aed8fb535,cs14,True,269.40654161944985,"[0.08653558272908467, 0.07953521461694876, 0.08070697535892177, 0.0830797120310937]",0.08246437118401222,0.07934330590475254,0.03933621423597287,2.4352576180562244
,,,,True,chaos,563dde48697bc758b8c94163,cs14,True,182.56958375498652,"[0.07674329657723006, 0.07908445597041291, 0.07501835928472733, 0.0784647624400067]",0.07732771856809426,0.07594101184675804,0.018260313993899116,1.1141996357531616
,,,,True,chaos,c816d3f5a6e3b64064bf961f,cs14,True,193.8752379193902,"[0.03562581017739246, 0.03330006986799643, 0.037932862279757965, 0.03695935011765881]",0.035954523110701415,0.03311933462527837,0.08560523686544969,1.1789084368793283
2.331633279252028e-10,1.3342582594333408e-09,7.51615118910534e-08,1.192809580851393e-09,True,cycle,a9f78f8005a60429d6ae7430,cs14,True,755.1509445048869,,,,,
,,,,True,chaos,5f7155f688049b3b0581feb7,cs14,True,143.3227139301598,"[0.054943519430745436, 0.05099098501039462, 0.05529811573650895, 0.05211263956447233]",0.05333631493553033,0.0551531394762407,-0.03294145279786003,1.0127283888690524
5.892151961884258e-11,9.555867208632662e-11,0.9142481209722679,6.207925578801436e-10,True,cycle,52058913613fb0b3a7b19e35,cs14,True,74.62589401006699,,,,,
,,,,True,chaos,1b87c7414d4bfb6caa72d411,cs14,True,171.1296726129949,"[0.053526492824143804, 0.05533011893903599, 0.055929843613008554, 0.06061131435543035]",0.05634944243290468,0.05455358630849604,0.032919121288437686,1.966204680325873
2.467600388942857e-12,6.49058584656359e-12,0.37003473868761255,2.4254856595652865e-11,True,cycle,1a79e490b46e5ca298fad5ec,cs14,True,74.93520916253328,,,,,
,,,,True,chaos,141ac1bf71f0bf1f94624bb0,cs14,True,153.72551813721657,"[0.034324467293191364, 0.03707380043578955, 0.03525334002862637, 0.0379947839576235]",0.0361615979288077,0.031461428856568184,0.14939464744806927,1.2538868800200942
,,,,True,chaos,c005ab19ae588adc286fa23c,cs14,True,160.45488679409027,"[0.07087095729963697, 0.0857415916138834, 0.08965855742756428, 0.08165660801071231]",0.08198192858794923,0.08278989056012477,-0.00975918637781959,1.7997639244182062
,,,,True,chaos,a20c7ba879ad7e5154034ede,cs14,True,179.83658888190985,"[0.06161198679956756, 0.0635444195196322, 0.06267368167798745, 0.06186852818930338]",0.06242465404662265,0.06143480893808184,0.016112121542340017,1.1955712325541306
,,,,True,chaos,55431362f980918bc4131432,cs14,True,167.27647876739502,"[0.0929602958238563, 0.09180421350490749, 0.10283435460704213, 0.09235889643442526]",0.09498944009255779,0.08757950908730654,0.08460804453544513,1.6501582852710475
,,,,True,chaos,3d8504b5df2375f7ff15d3af,cs14,True,184.25096176937222,"[0.13253411267410378, 0.13239643372430715, 0.12874153855251738, 0.12714190000933664]",0.13020349624006625,0.14077710911017194,-0.07510889332036787,2.632771756208139
,,,,True,chaos,a6be67529b2c4a034d748bfc,cs14,True,199.75114101916552,"[0.07143388067042612, 0.07351191828657083, 0.06824532666715029, 0.07373668714882851]",0.07173195319324394,0.07098688454796351,0.010495863426391243,1.0768314146056168
2.026690971615891e-09,4.595981817345773e-09,0.2219656704929186,2.108761329784907e-08,True,cycle,6c86fe483bb8cbaea0afc1fb,cs14,True,41.9237146936357,,,,,
1.4702057893296213e-10,4.1690417784678857e-10,0.474868536434583,1.9218979276113352e-10,True,cycle,590716fb30dd41277f61567f,cs14,True,40.44083463400602,,,,,
,,,,True,chaos,a6b15fd29fe2791588847268,cs14,True,173.460832092911,"[0.11279641176500431, 0.10749476219540145, 0.10249818011094358, 0.11091706542703389]",0.10842660487459581,0.10811797782902333,0.0028545395665884703,2.162235069969619
,,,,True,chaos,c1338d03bdbfba8cff4a0947,cs14,True,202.27858689799905,"[0.14613610981116573, 0.15204517622130256, 0.14118032159339983, 0.1410485991226817]",0.14510255168713745,0.14932391262832503,-0.02826982542102795,2.348863412553127
,,,,True,chaos,adbd8ec6b7469837d9f01884,cs14,True,177.45407965779305,"[0.10795255748817197, 0.10598720837416147, 0.10871682853086292, 0.10156069771936364]",0.10605432302814001,0.11269074195554536,-0.058890542490378756,1.1380918152879418
5.453231189771192e-09,1.649054925945137e-08,0.5268280209867375,6.260659163541849e-08,True,cycle,d3ff36a97bdc1cb183857616,cs14,True,38.3387991450727,,,,,
,,,,True,chaos,33f50dfc7dc26f795eaf8eb7,cs14,True,234.5461007244885,"[0.09241993149344344, 0.08997718338156192, 0.10401908463184997, 0.09850179266683681]",0.09622949804342304,0.10570214444061264,-0.08961640700214633,2.6724655800340673
,,,,True,chaos,6c69e9edeb375f9fb093d190,cs14,True,175.72441885247827,"[0.10849799104543759, 0.111630494671857, 0.10884199730786252, 0.10618047463114949]",0.10878773941407666,0.11265105204468479,-0.03429450999779111,1.4261100966983307
,,,,True,chaos,f3a05b33daf9dd961d29bab8,cs14,True,170.01883912831545,"[0.07159096646546416, 0.07091407474716206, 0.06965439839601603, 0.07048823570587556]",0.07066191882862946,0.07188763634113203,-0.017050463402164318,0.9804626406640937
,,,,True,chaos,cf74e77d1625ac51ced8e472,cs14,True,174.37659721076488,"[0.07834714932166902, 0.07644683469162332, 0.08031732255599656, 0.07629058116287334]",0.07785047193304057,0.07856523347795498,-0.009097682438822918,1.1730993747029885
,,,,True,chaos,bd7e1de93871f369127fd28e,cs14,True,149.9345610961318,"[0.042086458256940906, 0.04278556704497833, 0.04565426140438259, 0.04263294823837658]",0.0432898087361696,0.04264062740336804,0.015224478914451412,1.272864833195592
,,,,True,chaos,235f2981fe0294e0c573cb7e,cs14,True,166.34393728151917,"[0.11701516124887798, 0.129401657772093, 0.11928260471038155, 0.12004127715483504]",0.1214351752215469,0.11738558608903353,0.034498180461797694,1.7365959620214124
,,,,True,chaos,53acc762a319d6206ddbb82f,cs14,True,179.98507504537702,"[0.03225949773850686, 0.03021583461674439, 0.030166071629008202, 0.03231476293236675]",0.03123904172915655,0.030116045399748465,0.03728897053055528,1.2035191194689068
,,,,True,chaos,40b2f85d4f958622d5eb8de9,cs14,True,162.19651781767607,"[0.08099274082926454, 0.08239385672245306, 0.08382176452709635, 0.08468196428523314]",0.08297258159101176,0.08478214212282043,-0.021343651935418567,1.0991265748964878
,,,,True,chaos,216ab303e28e562dc5f8a5ea,cs14,True,158.90281665325165,"[0.03779431724064853, 0.03838682028973843, 0.03798307294785486, 0.0386286119057218]",0.03819820559599091,0.03873549093932998,-0.013870621755655604,1.0948646132783073
,,,,True,chaos,e8edfb43d74659f5a81b6baa,cs14,True,125.27971382066607,"[0.11739400182933062, 0.10510565510415376, 0.10799239742499979, 0.10434248116678596]",0.10870863388131753,0.11596926339961466,-0.06260822312269043,1.760397689110643
,,,,True,chaos,52bcc58938ade1143c4b7944,cs14,True,183.4000106714666,"[0.10389751232559222, 0.09504762525574895, 0.10417058211160829, 0.10734079406477087]",0.10261412843943009,0.1012542128170096,0.013430706580852925,1.017425912694387
,,,,True,chaos,189a9ba9c5faf887e07548c8,cs14,True,169.41295780986547,"[0.029852912836724817, 0.02756075209885808, 0.029131214237762357, 0.028572696534404963]",0.02877939392693755,0.027659431618072546,0.04049115413251033,1.3003703932901896
,,,,True,chaos,d080a9a3b7695992608cb77f,cs14,True,167.5795934125781,"[0.13639305468188845, 0.13287718404045448, 0.1328262016560933, 0.12998239881966636]",0.13301970979952563,0.14055536651794173,-0.0536134400635225,1.6397628074218804
5.4346501405535185e-09,3.023250716438497e-08,0.6522480785367285,5.201168391394847e-08,True,cycle,089a6caa9156207a7b27195a,cs14,True,156.69710777699947,,,,,
1.3499522690546497e-08,3.627811517858959e-08,0.5362386001074669,1.3499518246068243e-08,True,cycle,62b11f01eabf58f5d03fef64,cs14,True,39.032689310610294,,,,,
,,,,True,chaos,1e4ff4fbf4e8fee899d2ecf1,cs14,True,158.39325216040015,"[0.03670537302999792, 0.03752371775104931, 0.03535528125735415, 0.03936440302875089]",0.037237193766788065,0.0349577391362399,0.0652060083652579,1.020736005951132
,,,,True,chaos,28890b90b5d82f8423e5c8a0,cs14,True,171.66979297995567,"[0.10171895968652257, 0.10402129039178844, 0.10485817455424429, 0.10169655352811069]",0.10307374454016649,0.09999982209093804,0.030739279180247773,1.2431392237411862
,,,,True,chaos,18f5ff5408052328bb357c77,cs14,True,179.09785921126604,"[0.09511949445413112, 0.09454550547531825, 0.09569302533496633, 0.09284180818729132]",0.09454995836292675,0.09508192500885597,-0.005594824104367618,1.3498133998381583
,,,,True,chaos,0ed7e6b1d5b7db903b724898,cs14,True,180.78125043585896,"[0.1386399933532527, 0.14103503465501066, 0.14031117243761781, 0.13813538657142135]",0.13953039675432563,0.13490747217855117,0.03426737230430037,1.5253117593013434
,,,,True,chaos,758323664450759aee1d297b,cs14,True,152.69386231526732,"[0.04992828443480891, 0.05012602238948424, 0.05047116537264801, 0.05176002187231912]",0.05057137351731507,0.05105622179268152,-0.009496360254294291,1.291137978095471
,,,,True,chaos,93f3670819ed437786fc7994,cs14,True,176.62220852449536,"[0.03857668027946501, 0.034866134359309124, 0.04309606006506986, 0.03674101159142013]",0.03831997157381603,0.037492440294637705,0.022071950309851717,1.134592243964453
,,,,True,chaos,9c34f489c510d607f37f37df,cs14,True,170.84777711331844,"[0.0901809630702773, 0.08459469927421263, 0.08549722388945104, 0.09034221389287891]",0.08765377503170496,0.07940358437239949,0.1039019928950868,1.1464772106730898
,,,,True,chaos,e216e1a8ca0923117d3e2ece,cs14,True,142.33480451628566,"[0.08035005580462773, 0.08609704405121617, 0.10027134327227938, 0.09127052740744776]",0.08949724263389275,0.0849198515351859,0.0539024858847079,1.6585746241091106
,,,,True,chaos,9311bf81e300a2f9810e2276,cs14,True,141.97712694853544,"[0.08981372049209257, 0.0966825266544914, 0.09441353718793338, 0.08006291253724344]",0.0902431742179402,0.0839745929643163,0.07464854585585959,1.387028847867794
,,,,True,chaos,84ad782d559837fd5ab8fcc1,cs14,True,482.97751408815384,"[0.23860812505376966, 0.2386136674409253, 0.242888701458654, 0.23412110950433543]",0.23855790086442108,0.23807076160208765,0.0020461952532736323,2.695434911276602
4.349407909789497e-12,5.637268429836695e-12,0.012876962280323288,6.69848963084111e-11,True,cycle,bb3be5a8ba437d3996de39b3,cs14,True,62.08678053319454,,,,,
,,,,True,chaos,32d960c6e2b3b53b9dbd67c8,cs14,True,157.70819158107042,"[0.12206718708246818, 0.12463376380731829, 0.12033326089169091, 0.12872025352756378]",0.12393861632726029,0.12836861206479988,-0.03450996054474243,1.115509105049331
,,,,True,chaos,17f94f6ac1446dfd8ff7c486,cs14,True,152.26709685102105,"[0.04766387814469845, 0.054412424423145374, 0.07258475545027264, 0.08795130593139262]",0.06565309098737727,0.0798481459955484,-0.1777756368815691,2.599789341615345
,,,,True,chaos,f8e4958c37c102828a61d7cb,cs14,True,168.67217099666595,"[0.08327375019640414, 0.11431173407924713, 0.10381471298204449, 0.10626060265810461]",0.10191519997895009,0.12070944708894064,-0.15569822879018455,3.77587125824106
,,,,True,chaos,cc1e2ca1da34e7be08d293c1,cs14,True,160.86435577645898,"[0.11371093636821206, 0.10328651212514176, 0.108606316776348, 0.11064545225602798]",0.10906230438143244,0.11125771924576032,-0.01973269701384374,1.6821486884690968
,,,,True,chaos,ca93df004e448a59ceff5b4e,cs14,True,139.98774507641792,"[0.0992117402958844, 0.10716922435754477, 0.10590599855790127, 0.10865243200945733]",0.10523484880519694,0.10668160191287869,-0.013561411543700247,1.5639678968168806
,,,,True,chaos,25ba7091bd5fa6b1896f7bed,cs14,True,167.77507069706917,"[0.16993213838647472, 0.16156979736594743, 0.17164349721740813, 0.1640293304369933]",0.1667936908517059,0.17126394233580877,-0.026101533242401682,1.6444131117180483
,,,,True,chaos,04e44c55ce73a7bb3129761b,cs14,True,157.8485326692462,"[0.07747481432065201, 0.07456956556698104, 0.0771558776518174, 0.07877514786132035]",0.0769938513501927,0.07544476283641456,0.020532750790628027,1.0473988950864732
,,,,True,chaos,8b50c71aec9107aab291a5c3,cs14,True,158.20034160465002,"[0.11636980204704107, 0.11524113078323457, 0.11748262578123568, 0.11962968379325475]",0.11718081060119151,0.12156055175076597,-0.03602929639998824,1.461672751157464
,,,,True,chaos,9fe6222dd5481f2c2fd75995,cs14,True,134.55416674911976,"[0.1326658695975505, 0.12761249480176867, 0.13521120385012902, 0.13280042121949925]",0.13207249736723686,0.1280835102030428,0.031143643376657794,1.4691171023623182
,,,,True,chaos,9ba07b47151b3b76ff409c4f,cs14,True,155.81393215432763,"[0.12867858376412822, 0.12289889201423078, 0.12585721580553058, 0.1263184119163213]",0.1259382758750527,0.12446925813977872,0.01180225348193442,1.4887355269245244
,,,,True,chaos,4431acb56d628f569107dbe6,cs14,True,148.6950128339231,"[0.05969844867244693, 0.054208685643157534, 0.05338253935250051, 0.06216456095495826]",0.05736355865576581,0.06134036455637492,-0.06483179435548057,1.8666382765277318
,,,,True,chaos,dd21609fac8192badbb79350,cs14,True,346.64802669361234,"[0.3212189274502677, 0.32337663354384455, 0.32042528260304814, 0.3237558244933515]",0.322194167022628,0.319873629361143,0.007254545071813535,1.1513483299748706
,,,,True,chaos,865b55447a835efc4976b72a,cs14,True,158.49923913925886,"[0.0870078760083586, 0.10135048341851258, 0.09323266562241621, 0.09596988023813262]",0.09439022632185501,0.09211083141077715,0.024746220136833575,1.96840177834494
,,,,True,chaos,00f2074b1f0c57b065f3372a,cs14,True,162.70272708311677,"[0.11423468329479251, 0.10767444545404543, 0.1054353194108902, 0.09705757921913662]",0.10610050684471618,0.10863933015864403,-0.023369283575482784,3.917677658959091
,,,,True,chaos,5242ac86fb2728a827589240,cs14,True,155.76446776092052,"[0.10013624067689694, 0.10470184909912261, 0.1185889355510594, 0.10673561514055305]",0.107540660116908,0.10070488308742703,0.06787930058512133,1.9326161836519324
1.4783252555024667e-12,2.9700686354772188e-12,0.042476765946104354,2.034503634322946e-12,True,cycle,e97d7439e93da9366dfa1f0b,cs14,True,84.94109597429633,,,,,
,,,,True,chaos,a149302f8f97ecc70c26f357,cs14,True,152.82120164111257,"[0.0704154412247377, 0.0652823428331086, 0.061729684491338706, 0.0696678675308808]",0.06677383402001645,0.06311745080691475,0.05792983028239049,1.7830314114545465
,,,,True,chaos,6364b5944ab570ae4e3bf10c,cs14,True,163.47175510972738,"[0.12182661591736076, 0.10389325386977245, 0.13169266610632188, 0.12771318828237083]",0.12128143104395649,0.1129416611493216,0.0738413957238399,2.895614013242303
1.827647533197693e-12,3.063993503360507e-12,0.31231313159521695,1.5367094168710482e-11,True,cycle,63ea601cd1808492f23a3855,cs14,True,78.61846908926964,,,,,
1.0346742875817407e-10,2.79439804629078e-10,0.5163420245620879,9.959746126713284e-10,True,cycle,d3a02bb1091b9d067461f779,cs14,True,40.96069622039795,,,,,
,,,,True,chaos,0c659cec62cbf7bdaa7f0d05,cs14,True,164.35293523967266,"[0.09896547271908136, 0.10757583312677009, 0.10180989718228264, 0.0936113671433365]",0.10049064254286766,0.09668134737876276,0.039400517963216336,2.5736458062249916
,,,,True,chaos,498be0a4f3cc270f51dc73b7,cs14,True,148.70057338103652,"[0.06133114541645217, 0.06951021715451382, 0.07023528639834771, 0.06382169415985424]",0.06622458578229198,0.06141735435833282,0.07827154839513106,1.5718633925128218
,,,,True,chaos,90635e602e51aad3b9d27de4,cs14,True,145.4023005925119,"[0.11542824270148697, 0.10248202247335268, 0.11163627237639565, 0.12223085311514385]",0.1129443476665948,0.11900489037617164,-0.050926837463734574,1.530536447353762
,,,,True,chaos,381f43640fd123841d7c4057,cs14,True,120.3570846915245,"[0.021094504933734968, 0.021520247554426435, 0.020589072864935387, 0.017477543133676544]",0.020170342121693333,0.019978419772969075,0.009606482940353999,0.8891466776204734
5.982732154877796e-11,1.8234946885797854e-10,0.0802982142819499,3.4765088972911755e-10,True,cycle,6dbdd057676b7825c2f21a01,cs14,True,40.90558970719576,,,,,
,,,,True,chaos,5c349540969f3e5090b94696,cs14,True,95.38111876696348,"[0.06807621273511717, 0.0658884122273029, 0.06853101461730625, 0.06878801906936499]",0.06782091466227283,0.0675021736612824,0.004721936845912999,2.162539453949393
,,,,True,chaos,4c5f055eefa4c89037d395e3,cs14,True,125.64236325770617,"[0.0701894345746802, 0.07337142664524987, 0.07319849158595702, 0.07322698997966158]",0.07249658569638717,0.07193614930495187,0.0077907477235053995,1.2078623814572702
,,,,True,chaos,b4480931a0302bbdad011d19,cs14,True,144.67499342933297,"[0.09793796550753427, 0.1056738818307387, 0.0908499599509464, 0.10002147798107822]",0.09862082131757441,0.10621057299996257,-0.07145947402421829,3.5765762356848234
,,,,True,chaos,e52df9daaff40b2d5650acfb,cs14,True,124.62492260709405,"[0.04143820400978242, 0.03875578089173156, 0.0334178290811669, 0.03815027188363396]",0.03794052146657871,0.04012801096156774,-0.0545127815351745,1.3624712522461386
5.967531641550693e-10,1.3516218144715708e-09,0.5267581074691073,5.376817560471205e-09,True,cycle,3908560d8cbc0ffd694f5029,cs14,True,41.055303774774075,,,,,
,,,,True,chaos,4872d9c247ab2a2e2622fa8c,cs14,True,128.37002743035555,"[0.08857763435676518, 0.09586263615246975, 0.08984169815697547, 0.0844849078459602]",0.08969171912804265,0.09784290899301873,-0.08330894848555333,1.4259842537553256
,,,,True,chaos,d07168a11804369a6306e1eb,cs14,True,135.35277292132378,"[0.12158943201125554, 0.11791173448442482, 0.1273946439623835, 0.1256118055167581]",0.12312690399370549,0.1291008783542681,-0.04627369260935087,1.7294413216474935
,,,,True,chaos,65b4eae14dfadac058bb937a,cs14,True,147.71900660172105,"[0.0648461311265212, 0.06626146281290425, 0.06506864042755722, 0.06531715895189481]",0.06537334832971937,0.06282029256864591,0.04064062195004352,1.323986411522492
,,,,True,chaos,e30c2f826198030c4b6255cd,cs14,True,137.45832564681768,"[0.08058400671035848, 0.07286969451740093, 0.07801319047441756, 0.0733233386814655]",0.07619755759591063,0.07356057408282746,0.03584778321759681,1.603571948106226
,,,,True,chaos,555b1475a545ac8b73abf8ae,cs14,True,140.5826601088047,"[0.09198956597269649, 0.09757949258194677, 0.09186713009009072, 0.09651840356512786]",0.09448864805246546,0.09526890182306667,-0.008190015374065118,1.1809736554383448
,,,,True,chaos,d98b05477bb681892606d738,cs14,True,119.99887685105205,"[0.11581961676231328, 0.11702671023860964, 0.11641634210247721, 0.11867715191153416]",0.11698495525373358,0.11305484885705559,0.03476282916133157,1.7966189988080765
,,,,True,chaos,c7f8d68e9dc5635c68da5b81,cs14,True,114.66604293510318,"[0.12384569587647919, 0.12124157911139144, 0.1215734472673723, 0.12379767253095914]",0.12261459869655052,0.11223640099158555,0.09246730662490708,2.0144556419910473
,,,,True,chaos,23cb45bf69ece6181f1f4d66,cs14,True,127.54226703569293,"[0.14031168011695763, 0.14035346170111493, 0.1327497227076115, 0.1301149803749883]",0.13588246122516812,0.1397350893341214,-0.02757094246915494,1.6376916242785564
,,,,True,chaos,d30bdc054e65da8c5076bbfb,cs14,True,124.18384080007672,"[0.09146193571653226, 0.0930209861216861, 0.09045659199215386, 0.08582297612264488]",0.09019062248825427,0.08762919392963715,0.02923031062768697,1.0453063408553434
,,,,True,chaos,b48a87e91e9dc519dd43045e,cs14,True,113.61100636795163,"[0.11019043836537062, 0.0931505857277629, 0.08148513507819073, 0.08874391722465567]",0.09339251909899499,0.10637679167301191,-0.12205926095166365,1.8623309381504012
,,,,True,chaos,04fc115869be738071f08e1c,cs14,True,113.88170620799065,"[0.018016747148417007, 0.02202305991712985, 0.018435665841786304, 0.018704326743188567]",0.019294949912630432,0.020445012718322494,-0.056251508450341735,1.112268342801669
,,,,True,chaos,aabbd93bfce13af039d3fadc,cs14,True,114.15435460582376,"[0.13179383104846598, 0.132601347434849, 0.12450073136319573, 0.13559389359263335]",0.13112245085978602,0.13698192391787575,-0.0427755202328932,1.9642858475798843
,,,,True,chaos,e5cac7023e940c1f13a19835,cs14,True,81.45179416239262,"[0.08899843691063072, 0.08637318453264892, 0.08224775040497699, 0.0794648088508105]",0.08427104517476677,0.08235158403481618,0.023308126521756886,1.052768172102485
,,,,True,chaos,745b740843ee3fe61879ffb9,cs14,True,114.62164150178432,"[0.08687542369861864, 0.08856222986847796, 0.09375527158217055, 0.08952072399955345]",0.08967841228720516,0.08766452065763543,0.022972710219163524,0.8352826738828566
,,,,True,chaos,884f6a000bcfaa85a81a3fcc,cs14,True,113.04656274616718,"[0.12456644234155542, 0.11407001171913021, 0.11472773986405571, 0.11320536968370352]",0.11664239090211122,0.11324861257092693,0.029967504714980817,1.8297784914171993
2.3315364207926483e-12,4.522160423903188e-12,0.05316567023032328,3.754919584249054e-11,True,cycle,bd07c5f2874487797edf7ce3,cs14,True,65.25603198260069,,,,,
